Query,Execution Times
Query 1,0.0045020580291748,0.2352101802825928,0.1939210891723633,0.2837820053100586,0.3202056884765625,0.2983379364013672,0.1494629383087158,0.1133520603179932,0.1448960304260254,0.1415059566497803,0.1200630664825439,0.1638371944427490,0.2086098194122314,0.1334877014160156,0.1085402965545654,0.1171777248382568,0.0925607681274414,0.0915160179138184,0.0899882316589355,0.0901620388031006,0.0873808860778809,0.0916109085083008,0.0864350795745850,0.0852961540222168,0.0932128429412842,0.0868389606475830,0.0880110263824463,0.0899038314819336,0.0857138633728027,0.0851941108703613
Query 2,0.0012590885162354,0.0198240280151367,0.0195960998535156,0.0199270248413086,0.0274441242218018,0.0710508823394775,0.0270760059356689,0.0433621406555176,0.0203950405120850,0.0196378231048584,0.0198400020599365,0.0198400020599365,0.0197649002075195,0.0201678276062012,0.0207769870758057,0.0197198390960693,0.0204269886016846,0.0213568210601807,0.0209169387817383,0.0197579860687256,0.0194187164306641,0.0199463367462158,0.0199341773986816,0.0192768573760986,0.0193519592285156,0.0194330215454102,0.0205860137939453,0.0198111534118652,0.0203762054443359,0.0198450088500977
Query 3,0.0008881092071533,3.2487132549285889,2.6459178924560547,2.5431270599365234,2.6638417243957520,3.0978970527648926,3.1599400043487549,3.0180678367614746,2.7200860977172852,2.9937441349029541,3.8214809894561768,2.9160709381103516,4.1803309917449951,3.4422492980957031,2.6345767974853516,3.3747541904449463,2.5519819259643555,2.7811319828033447,2.8428859710693359,2.6174991130828857,2.7304360866546631,2.5539369583129883,2.6487390995025635,2.5496530532836914,3.2910912036895752,3.1250600814819336,2.5857260227203369,2.6035552024841309,2.5195238590240479,2.5234012603759766
Query 4,0.0012450218200684,28.0542209148406982,29.9543530941009521,28.3379180431365967,29.9127891063690186,29.6700830459594727,29.5664577484130859,29.4761090278625488,29.6405167579650879,29.4735441207885742,29.6494033336639404,29.5735559463500977,29.3339669704437256,29.3440849781036377,29.6526567935943604,30.5093898773193359,29.8557698726654053,29.4095261096954346,31.0188858509063721,29.1195588111877441,29.5365469455718994,29.7074010372161865,29.0792989730834961,28.5821480751037598,29.1177389621734619,30.3774099349975586,29.5535588264465332,29.6364591121673584,29.3739478588104248,30.1487030982971191
