Query,Execution Times
Query 1,0.0020737648010254,0.5099360942840576,0.1864981651306152,0.1368749141693115,0.1667788028717041,0.1971678733825684,0.1572129726409912,0.1269788742065430,0.1273632049560547,0.1391420364379883,0.1264832019805908,0.1266968250274658,0.1349399089813232,0.1256520748138428,0.1387660503387451,0.1259598731994629,0.1269419193267822,0.1367242336273193,0.1267158985137939,0.1343507766723633,0.1431689262390137,0.1519231796264648,0.1265838146209717,0.1261513233184814,0.1284360885620117,0.1448969841003418,0.1362159252166748,0.1265280246734619,0.1269741058349609,0.1278069019317627
Query 2,0.0015578269958496,0.0298120975494385,0.0293281078338623,0.0447878837585449,0.0348958969116211,0.0933456420898438,0.0532648563385010,0.0664370059967041,0.0305638313293457,0.0294818878173828,0.0293159484863281,0.0283572673797607,0.0285120010375977,0.0284390449523926,0.0284459590911865,0.0286130905151367,0.0282058715820312,0.0283300876617432,0.0286409854888916,0.0283870697021484,0.0285501480102539,0.0288128852844238,0.0287499427795410,0.0290081501007080,0.0284311771392822,0.0283970832824707,0.0284128189086914,0.0285181999206543,0.0286178588867188,0.0282659530639648
Query 3,0.0007629394531250,5.4454360008239746,4.0598170757293701,4.0267851352691650,4.0194177627563477,4.0159959793090820,3.9754459857940674,4.0604288578033447,4.0026760101318359,4.0285820960998535,4.0529870986938477,4.0037591457366943,3.9743790626525879,3.8610138893127441,4.0626437664031982,4.2782459259033203,4.0214681625366211,3.9619398117065430,4.0201418399810791,4.1434240341186523,5.1175220012664795,4.1856670379638672,3.8475911617279053,3.8079061508178711,3.9508509635925293,3.8227441310882568,3.8343341350555420,3.8030059337615967,4.0473341941833496,3.9899270534515381
Query 4,0.0013980865478516,43.1681780815124512,46.0946650505065918,44.3642179965972900,45.8014061450958252,45.4033629894256592,49.3811068534851074,46.2479829788208008,45.4544498920440674,45.2365629673004150,43.7689669132232666,43.5750682353973389,44.3943307399749756,44.0683190822601318,44.7999789714813232,44.2547650337219238,45.2769899368286133,44.0852150917053223,44.2697358131408691,44.3353629112243652,43.9556663036346436,44.3683760166168213,44.2710788249969482,44.3532319068908691,44.4480400085449219,44.1664919853210449,44.8971998691558838,44.9732949733734131,45.0091481208801270,44.8452188968658447
