Query,Execution Times
Query 1,0.7520833015441895,0.6913337707519531,0.6934487819671631,0.6930410861968994,0.6925640106201172,0.6937301158905029,0.6927289962768555,0.6916489601135254,0.6934351921081543,0.6922528743743896,0.6950962543487549,0.6933159828186035,0.6936256885528564,0.69492506980896,0.6931052207946777,0.6947393417358398,0.6943731307983398,0.6923239231109619,0.6920008659362793,0.6923997402191162,0.6923997402191162,0.6934411525726318,0.6925160884857178,0.6931931972503662,0.6957941055297852,0.6925299167633057,0.6934001445770264,0.6919128894805908,0.6935458183288574,0.6929209232330322
Query 2,0.6936566829681396,0.692047119140625,0.693701982498169,0.6919348239898682,0.693709135055542,0.6912953853607178,0.6933670043945312,0.6943910121917725,0.692202091217041,0.6931447982788086,0.6919710636138916,0.6938421726226807,0.6948137283325195,0.6925010681152344,0.6931757926940918,0.6922218799591064,0.692922830581665,0.6940548419952393,0.6945991516113281,0.6986587047576904,0.6932897567749023,0.6919267177581787,0.6935811042785645,0.6910960674285889,0.6947629451751709,0.6922130584716797,0.6925809383392334,0.6926479339599609,0.691978931427002,0.6917791366577148
Query 3,0.7220039367675781,0.7218890190124512,0.7231769561767578,0.721210241317749,0.7230410575866699,0.7207589149475098,0.7226717472076416,0.7225961685180664,0.7225220203399658,0.7207019329071045,0.7224020957946777,0.7223539352416992,0.7219269275665283,0.7235338687896729,0.7226130962371826,0.7225720882415771,0.7235817909240723,0.722923994064331,0.7229230403900146,0.7208302021026611,0.7243099212646484,0.7216629981994629,0.7236490249633789,0.7211089134216309,0.724125862121582,0.7224230766296387,0.7227351665496826,0.7224948406219482,0.7234249114990234,0.7226300239562988
Query 4,2.2994461059570312,2.354635000228882,2.303248167037964,2.303288221359253,2.2979390621185303,2.2984321117401123,2.301971912384033,2.3039193153381348,2.302819013595581,2.29738187789917,2.300570249557495,2.299278736114502,2.302154064178467,2.3045291900634766,2.299955129623413,2.297640800476074,2.299834966659546,2.301114797592163,2.3041110038757324,2.296863079071045,2.3155477046966553,2.3086180686950684,2.3123178482055664,2.29879093170166,2.302474021911621,2.3025851249694824,2.299089193344116,2.304921865463257,2.299268960952759,2.3031139373779297
