Query,Execution Times
Query 1,0.48125791549682617,0.43493080139160156,0.43994688987731934,0.44136691093444824,0.4429612159729004,0.44297027587890625,0.4396328926086426,0.4415779113769531,0.441133975982666,0.4417099952697754,0.4427478313446045,0.4422597885131836,0.4418821334838867,0.4368307590484619,0.442080020904541,0.44071102142333984,0.44221973419189453,0.437420129776001,0.442014217376709,0.552685022354126,0.44114184379577637,0.44208574295043945,0.4427638053894043,0.44257211685180664,0.4408578872680664,0.4391639232635498,0.4415397644042969,0.44174790382385254,0.4403839111328125,0.4421670436859131
Query 2,0.45024728775024414,0.48899197578430176,0.43935608863830566,0.43856096267700195,0.4437077045440674,0.4412410259246826,0.4395122528076172,0.4403667449951172,0.44357800483703613,0.4421579837799072,0.4442591667175293,0.4438183307647705,0.44211816787719727,0.4374501705169678,0.44182300567626953,0.4422001838684082,0.4418818950653076,0.4419558048248291,0.43840694427490234,0.44214892387390137,0.4417557716369629,0.4416968822479248,0.44171810150146484,0.441425085067749,0.4409639835357666,0.4417898654937744,0.443389892578125,0.4423708915710449,0.4414999485015869,0.44272279739379883
Query 3,0.46161413192749023,0.46172523498535156,0.46386098861694336,0.4641237258911133,0.4643981456756592,0.4644179344177246,0.4646739959716797,0.46398282051086426,0.4520890712738037,0.45561909675598145,0.46509695053100586,0.4612727165222168,0.46457910537719727,0.461122989654541,0.46499204635620117,0.4625210762023926,0.4643290042877197,0.45857882499694824,0.4583158493041992,0.46176600456237793,0.4648401737213135,0.46323084831237793,0.4647560119628906,0.4631819725036621,0.4808790683746338,0.4640629291534424,0.4626460075378418,0.46588802337646484,0.46598386764526367,0.46572113037109375
Query 4,1.520801067352295,1.5256421566009521,1.530956745147705,1.5313332080841064,1.5307180881500244,1.5276679992675781,1.5292117595672607,1.5296907424926758,1.5248911380767822,1.531587839126587,1.5300180912017822,1.5274338722229004,1.5297398567199707,1.5281829833984375,1.5282220840454102,1.5291011333465576,1.5247139930725098,1.5295650959014893,1.5284068584442139,1.5292479991912842,1.5304570198059082,1.5299439430236816,1.5314428806304932,1.5302040576934814,1.5292987823486328,1.527782917022705,1.5319910049438477,1.5306682586669922,1.5300757884979248,1.5291218757629395
