Query,Execution Times
Q1,0.2901570796966553,0.23790502548217773,0.23654603958129883,0.2372579574584961,0.23701882362365723,0.23689818382263184,0.23726987838745117,0.23670387268066406,0.23236680030822754,0.23602581024169922,0.23592185974121094,0.23677277565002441,0.23653697967529297,0.2344827651977539,0.23451995849609375,0.24157118797302246,0.2400667667388916,0.2473149299621582,0.2429671287536621,0.2424910068511963,0.24087786674499512,0.24186277389526367,0.2407829761505127,2.0699448585510254,2.1138739585876465,2.0783181190490723,2.0682828426361084,2.124260902404785,2.0459489822387695,2.0690832138061523
Q2,0.23740386962890625,0.23703503608703613,0.23682117462158203,0.23636627197265625,0.23683476448059082,0.23688912391662598,0.2371997833251953,0.23723912239074707,0.23288893699645996,0.23581171035766602,0.23399615287780762,0.23664283752441406,0.23581981658935547,0.2349538803100586,0.23346781730651855,0.24130582809448242,0.24056077003479004,0.24299287796020508,0.24289894104003906,0.24208903312683105,0.24214935302734375,0.2421722412109375,0.24004507064819336,2.141589879989624,2.0615580081939697,2.249885082244873,2.1348628997802734,2.0831382274627686,2.172112226486206,2.085754156112671
Q3,0.23874211311340332,0.23697304725646973,0.23724603652954102,0.2365880012512207,0.2371981143951416,0.2365739345550537,0.2367708683013916,0.2328641414642334,0.255662202835083,0.23729681968688965,0.2342519760131836,0.2360377311706543,0.2333371639251709,0.23527193069458008,0.23374485969543457,0.24027299880981445,0.2421400547027588,0.2414400577545166,0.2419450283050537,0.24173808097839355,0.24020791053771973,0.24217700958251953,2.129343032836914,2.067507028579712,2.1218018531799316,2.124535083770752,2.087258815765381,2.1175801753997803,2.1283669471740723,2.053834915161133
Q4,0.23703694343566895,0.2367722988128662,0.24069881439208984,0.2368028163909912,0.23694586753845215,0.23662900924682617,0.23675274848937988,0.23271894454956055,0.23464202880859375,0.23563194274902344,0.23511290550231934,0.23598694801330566,0.2354891300201416,0.23401713371276855,0.23370099067687988,0.2418041229248047,0.2658967971801758,0.2514071464538574,0.24108386039733887,0.24206089973449707,0.2421889305114746,0.24228191375732422,2.1771631240844727,2.0724828243255615,2.205667018890381,2.0855650901794434,2.0965349674224854,2.0863800048828125,2.1405251026153564,2.4292140007019043
