Query,Execution Times
Q1,0.11356115341186523,0.08011317253112793,0.08019280433654785,0.07997393608093262,0.07981300354003906,0.08010077476501465,0.07984495162963867,0.08009982109069824,0.07869100570678711,0.07804703712463379,0.0783851146697998,0.07851123809814453,0.07847285270690918,0.07851314544677734,0.0782010555267334,0.08048582077026367,0.08056998252868652,0.0806427001953125,0.08064889907836914,0.08060884475708008,0.08026385307312012,0.08093476295471191,0.08045387268066406,0.6635096073150635,0.669252872467041,0.6745419502258301,0.6773600578308105,0.7029368877410889,0.6865100860595703,0.7959349155426025
Q2,0.08078169822692871,0.08016705513000488,0.08049583435058594,0.07990503311157227,0.0798802375793457,0.08025002479553223,0.07983994483947754,0.0801541805267334,0.07857513427734375,0.07818293571472168,0.07824301719665527,0.0785973072052002,0.07858109474182129,0.07845520973205566,0.07803916931152344,0.08042407035827637,0.08046793937683105,0.08049273490905762,0.08052706718444824,0.08057594299316406,0.08046889305114746,0.08054018020629883,0.08058500289916992,0.6891441345214844,0.6839048862457275,0.694849967956543,0.6953332424163818,0.7063438892364502,0.6997570991516113,0.6472790241241455
Q3,0.08008289337158203,0.0800321102142334,0.08010387420654297,0.07986187934875488,0.07990789413452148,0.07970809936523438,0.0800790786743164,0.07873201370239258,0.07892298698425293,0.07848429679870605,0.0784311294555664,0.0785071849822998,0.07848191261291504,0.07848811149597168,0.07813572883605957,0.0805199146270752,0.08057093620300293,0.08057999610900879,0.08051300048828125,0.0806431770324707,0.08052396774291992,0.08042120933532715,0.6895480155944824,0.7001829147338867,0.7000048160552979,0.7089052200317383,0.6367549896240234,0.7278048992156982,0.6555731296539307,0.6719279289245605
Q4,0.0800628662109375,0.08012890815734863,0.08084702491760254,0.07979607582092285,0.07990288734436035,0.07975888252258301,0.07990097999572754,0.07840681076049805,0.07846593856811523,0.07841205596923828,0.07843399047851562,0.07878780364990234,0.07858419418334961,0.07844901084899902,0.07840490341186523,0.08056807518005371,0.08052897453308105,0.08052802085876465,0.08054471015930176,0.08040809631347656,0.08059096336364746,0.08048105239868164,0.7113540172576904,0.6526761054992676,0.7249510288238525,0.7892060279846191,0.6887638568878174,0.6887650489807129,0.9028549194335938,0.7624008655548096
